genotype_id,nail_polish_density_mm2,fresh_leaf_density_mm2
G001,118.9744,214.9174
G002,150.4844,166.6813
G003,151.46,137.9089
G004,157.3024,161.4066
G005,167.1229,167.033
G006,172.4833,172.6593
G007,173.7081,176.1758
G008,180.328,183.2088
G009,182.0716,181.8022
G010,184.6154,171.48
G011,186.0539,164.8704
G012,186.6933,203.8771
G012,186.6933,203.8771
G013,187.2953,187.0769
G014,187.8388,198.5043
G015,198.0105,189.5385
G016,208.9527,208.5275
G017,210.3729,210.2857
G018,212.044,250.6884
G019,215.2088,242.4738
G020,219.1083,219.4286
G021,220.862,225.4066
G022,222.4539,223.2967
G023,222.7312,224.0
G024,225.0549,191.71
G025,226.4511,225.0549
G026,228.0109,229.2747
G001,231.7451,230.3297
G027,236.8455,216.3476
G028,238.2248,238.4176
G029,242.2384,239.1209
G017,244.6886,226.0729
G030,247.724,322.8132
G031,250.6643,262.6813
G032,254.0435,255.6484
G033,256.1106,256.3516
G034,260.0107,269.3626
G035,265.874,265.4945
G036,270.0348,269.011
G037,272.0879,280.0189
G038,272.7828,273.5824
G039,278.8407,276.044
G040,281.0784,289.7582
G041,281.721,280.2637
G042,283.3939,289.4066
G043,284.8999,284.8352
G044,287.2771,287.6484
G045,288.2145,289.0549
G046,289.4561,293.6264
G047,290.7061,292.2198
G048,290.9462,290.4615
G049,291.2585,290.1099
G050,293.8994,292.9231
G051,294.8634,285.1868
G052,295.0305,321.4066
G037,295.8557,295.3846
G053,295.902,295.033
G054,296.2947,297.4945
G055,296.4835,356.9031
G056,296.5642,261.6264
G057,297.6306,294.3297
G058,297.698,303.4725
G059,300.8523,299.2527
G060,302.7191,299.6044
G061,304.1921,303.1209
G062,305.2308,306.003
G063,306.4017,305.2308
G064,307.7502,295.7363
G065,311.1902,312.6154
G066,313.6824,315.0769
G067,315.0175,328.7912
G068,315.2899,322.8132
G069,315.5359,315.7802
G070,316.5099,318.5934
G071,318.4167,317.5385
G072,319.3034,315.0769
G073,321.4482,316.1319
G074,325.1998,318.9451
G075,325.6296,315.4286
G076,326.1805,330.9011
G077,329.2179,341.4505
G078,330.5495,308.0808
G079,336.7787,347.7802
G080,337.9018,355.8681
G081,341.1459,343.5604
G082,344.001,357.2747
G045,344.6154,331.1061
G083,347.0902,348.8352
G084,348.7486,346.7253
G085,353.8641,351.2967
G086,355.6669,357.6264
G087,355.9891,389.2747
G088,360.1464,364.3077
G089,362.1978,399.0585
G090,363.6448,366.0659
G091,365.6619,372.3956
G092,369.0409,382.5934
G023,377.0629,347.3866
G028,379.4872,401.4482
G093,381.3245,383.6484
G094,386.3654,386.4615
G095,386.9822,384.3516
G096,389.6839,389.6264
G097,395.1426,377.3187
G098,407.6543,405.4505
G099,411.2946,412.8352
G100,419.2867,400.8791
G101,426.5919,426.1978
G102,436.0493,427.2527
G103,436.3448,458.9011
G104,458.6954,458.1978
G105,476.7578,415.2967
G106,480.4564,489.4945
G107,483.1011,481.4066
G108,494.2653,487.7363
G109,510.4221,458.1978
G110,547.6058,428.6593
G111,555.6339,362.5495
G112,654.0394,443.4286
